payfeet,Sumedh Walujkar,SUMEDHW,1234567890123450,American Express,123,2020-02,500,,,,,
payahead,Sumedh Walujkar,SUMEDHW,1234567890123450,American Express,123,2020-02,500,,,,,
payahead,Sum,SUMEDHW,1234567890123450,American Express,123,2020-03,500,Please correct the following errors,First Name must be between 6 and 45 characters,,,
payahead,aaaaaaaaaaaaaaaaaaaaaaaaaaaaaaaaaaaaaaaaaaaaaaaaaaaaaaaaaaaaaaaaaaaaaaaaaaaaaaaaa,SUMEDHW,1234567890123450,American Express,123,2020-03,500,Please correct the following errors,First Name must be between 6 and 45 characters,,,
payahead,#Sumedh,SUMEDHW,1234567890123450,American Express,123,2020-04,500,Please correct the following errors,First Name must contain only characters,,,
payahead,Sumedh Walujkar,SUMEDHW,1234567890,American Express,123,2020-05,501,Please correct the following errors,,Card Number Name must have 16 digits,,
payahead,Sumedh Walujkar,SUMEDHW,A234561234567890,American Express,123,2020-06,501,Please correct the following errors,,Card Number must contain only digits,,
payahead,Sumedh Walujkar,SUMEDHW,1234567890123450,American Express,1,2020-02,500,Please correct the following errors,,,CVV must have 3 to 4 digits,
payahead,Sumedh Walujkar,SUMEDHW,1234567890123450,American Express,ABC,2020-02,500,Please correct the following errors,,,CVV must contain only digits,
payahead,Sumedh Walujkar,SUMEDHW,1234567890123450,American Express,123,20-Jan,500,Please correct the following errors,,,,Invalid date format
