updateUser,SumedhWalujkar,Mr.,Sumedh,Walujkar,Qwerty#123,Qwerty#123,1234567890,1995-01-07,25,India,927 Benge Drive,Arlington,Texas,76013,2020-01-01,India,Regular,User,,,,,,,,,,,,,,,
upadteUser,SumedhWalujkar,Mr.,Sumedh,Walujkar,Qwerty#123,Qwerty#123,1234567891,1995-01-08,26,India,928 Benge Drive,Arlington,Texas,76014,2020-01-01,India,Regular,User,,,,,,,,,,,,,,,
updateUser,SumedhWalujkar,Mr.,S,Walujkar,Qwerty#123,Qwerty#123,1234567892,1995-01-09,25,India,927 Benge Drive,Arlington,Texas,76013,2020-01-01,India,Regular,User,Please correct the following errors,First Name must be between 3 and 45 characters,,,,,,,,,,,,,
updateUser,SumedhWalujkar,Mr.,Sumedhhhhhhhhhhhhhhhhhhhhhhhhhhhhhhhhhhhhhhhhhhhhhhhhh,Walujkar,Qwerty#123,Qwerty#123,1234567893,1995-01-10,25,India,927 Benge Drive,Arlington,Texas,76013,2020-01-01,India,Regular,User,Please correct the following errors,First Name must be between 3 and 45 characters,,,,,,,,,,,,,
updateUser,SumedhWalujkar,Mr.,Sumedh##,Walujkar,Qwerty#123,Qwerty#123,1234567894,1995-01-11,25,India,927 Benge Drive,Arlington,Texas,76013,2020-01-01,India,Regular,User,Please correct the following errors,First Name must contain only characters,,,,,,,,,,,,,
updateUser,SumedhWalujkar,Mr.,Sumedh,W,Qwerty#123,Qwerty#123,1234567895,1995-01-12,25,India,927 Benge Drive,Arlington,Texas,76013,2020-01-01,India,Regular,User,Please correct the following errors,,Last Name must be between 3 and 45 characters,,,,,,,,,,,,
updateUser,SumedhWalujkar,Mr.,Sumedh,Walujkarrrrrrrrrrrrrrrrrrrrrrrrrrrrrrrrrrrrrrrrrrrrrrrrrrrrrrrrrrrrrrrrrrrrrrrrr,Qwerty#123,Qwerty#123,1234567896,1995-01-13,25,India,927 Benge Drive,Arlington,Texas,76013,2020-01-01,India,Regular,User,Please correct the following errors,,Last Name must be between 3 and 45 characters,,,,,,,,,,,,
updateUser,SumedhWalujkar,Mr.,Sumedh,Walujkar###,Qwerty#123,Qwerty#123,1234567897,1995-01-14,25,India,927 Benge Drive,Arlington,Texas,76013,2020-01-01,India,Regular,User,Please correct the following errors,,Last Name must contain only characters,,,,,,,,,,,,
updateUser,SumedhWalujkar,Mr.,Sumedh,Walujkar,Q#,Qwerty#123,1234567898,1995-01-15,25,India,927 Benge Drive,Arlington,Texas,76013,2020-01-01,India,Regular,User,Please correct the following errors,,,Password must be atleast 6 characters long,Passwords do not match,,,,,,,,,,
updateUser,SumedhWalujkar,Mr.,Sumedh,Walujkar,Qwerty123,Qwerty#123,1234567899,1995-01-16,25,India,927 Benge Drive,Arlington,Texas,76013,2020-01-01,India,Regular,User,Please correct the following errors,,,Password must contain atleast one digit one lower case letter one upper case letter and one special character,Passwords do not match,,,,,,,,,,
updateUser,SumedhWalujkar,Mr.,Sumedh,Walujkar,Qwerty#123,Qwerty#123,123456789,1995-01-17,25,India,927 Benge Drive,Arlington,Texas,76013,2020-01-01,India,Regular,User,Please correct the following errors,,,,,Phone number must exactly be 10 digits,,,,,,,,,
updateUser,SumedhWalujkar,Mr.,Sumedh,Walujkar,Qwerty#123,Qwerty#123,12345678901,1995-01-18,25,India,927 Benge Drive,Arlington,Texas,76013,2020-01-01,India,Regular,User,Please correct the following errors,,,,,Phone number must exactly be 10 digits,,,,,,,,,
updateUser,SumedhWalujkar,Mr.,Sumedh,Walujkar,Qwerty#123,Qwerty#123,1234567890,January 1 1995,25,India,927 Benge Drive,Arlington,Texas,76013,2020-01-01,India,Regular,User,Please correct the following errors,,,,,,Invalid date format,,,,,,,,
updateUser,SumedhWalujkar,Mr.,Sumedh,Walujkar,Qwerty#123,Qwerty#123,1234567891,2020-01-07,26,India,928 Benge Drive,Arlington,Texas,76014,2020-01-01,India,Regular,User,Please correct the following errors,,,,,,Date is in future,,,,,,,,
updateUser,SumedhWalujkar,Mr.,Sumedh,Walujkar,Qwerty#123,Qwerty#123,1234567891,1995/01-17,25,India,927 Benge Drive,Arlington,Texas,76013,2020-01-01,India,Regular,User,Please correct the following errors,,,,,,Invalid date format,,,,,,,,
updateUser,SumedhWalujkar,Mr.,Sumedh,Walujkar,Qwerty#123,Qwerty#123,1234567892,1995-01-17,,India,927 Benge Drive,Arlington,Texas,76013,2020-01-01,India,Regular,User,Please correct the following errors,,,,,,,Age cannot be blank,,,,,,,
updateUser,SumedhWalujkar,Mr.,Sumedh,Walujkar,Qwerty#123,Qwerty#123,1234567892,1995-01-17,12,India,927 Benge Drive,Arlington,Texas,76013,2020-01-01,India,Regular,User,Please correct the following errors,,,,,,,Age must be 18 or older,,,,,,,
updateUser,SumedhWalujkar,Mr.,Sumedh,Walujkar,Qwerty#123,Qwerty#123,1234567893,1995-01-17,25,,927 Benge Drive,Arlington,Texas,76013,2020-01-01,India,Regular,User,Please correct the following errors,,,,,,,,Country cannot be blank,,,,,,
updateUser,SumedhWalujkar,Mr.,Sumedh,Walujkar,Qwerty#123,Qwerty#123,1234567893,1995-01-17,25,USA,927 Benge Drive,Arlington,Texas,76013,2020-01-01,India,Regular,User,Please correct the following errors,,,,,,,,Country must be between 4 and 45 characters,,,,,,
updateUser,SumedhWalujkar,Mr.,Sumedh,Walujkar,Qwerty#123,Qwerty#123,1234567894,1995-01-17,25,U.S.A.,927 Benge Drive,Arlington,Texas,76013,2020-01-01,India,Regular,User,Please correct the following errors,,,,,,,,Country must contain only characters hyphens and spaces ,,,,,,
updateUser,SumedhWalujkar,Mr.,Sumedh,Walujkar,Qwerty#123,Qwerty#123,1234567894,1995-01-17,25,India,,Arlington,Texas,76013,2020-01-01,India,Regular,User,Please correct the following errors,,,,,,,,,Address cannot be blank,,,,,
updateUser,SumedhWalujkar,Mr.,Sumedh,Walujkar,Qwerty#123,Qwerty#123,1234567895,1995-01-17,25,India,1,Arlington,Texas,76013,2020-01-01,India,Regular,User,Please correct the following errors,,,,,,,,,Address must be between 4 and 45 characters,,,,,
updateUser,SumedhWalujkar,Mr.,Sumedh,Walujkar,Qwerty#123,Qwerty#123,1234567895,1995-01-17,25,India,927 Benge Drive #148,Arlington,Texas,76013,2020-01-01,India,Regular,User,Please correct the following errors,,,,,,,,,Address must contain only characters hyphens spaces and /,,,,,
updateUser,SumedhWalujkar,Mr.,Sumedh,Walujkar,Qwerty#123,Qwerty#123,1234567896,1995-01-17,25,India,927 Benge Drive,,Texas,76013,2020-01-01,India,Regular,User,Please correct the following errors,,,,,,,,,,City cannot be blank,,,,
updateUser,SumedhWalujkar,Mr.,Sumedh,Walujkar,Qwerty#123,Qwerty#123,1234567896,1995-01-17,26,India,928 Benge Drive,A,Texas,76014,2020-01-01,India,Regular,User,Please correct the following errors,,,,,,,,,,City must be between 4 and 45 characters,,,,
updateUser,SumedhWalujkar,Mr.,Sumedh,Walujkar,Qwerty#123,Qwerty#123,1234567897,1995-01-17,27,India,929 Benge Drive,##Arlington,Texas,76015,2020-01-01,India,Regular,User,Please correct the following errors,,,,,,,,,,City must contain only characters hyphens and spaces,,,,
updateUser,SumedhWalujkar,Mr.,Sumedh,Walujkar,Qwerty#123,Qwerty#123,1234567897,1995-01-17,25,India,927 Benge Drive,Arlington,,76013,2020-01-01,India,Regular,User,Please correct the following errors,,,,,,,,,,,State cannot be blank,,,
updateUser,SumedhWalujkar,Mr.,Sumedh,Walujkar,Qwerty#123,Qwerty#123,1234567898,1995-01-17,25,India,927 Benge Drive,Arlington,TTTTTTTTTTTTTTTTTTTTTTTTTTTTTTTTTTTTTTTTTTTTTTTTTTTTTTTTTTTTTTTTTTTT,76013,2020-01-01,India,Regular,User,Please correct the following errors,,,,,,,,,,,State must be between 4 and 45 characters,,,
updateUser,SumedhWalujkar,Mr.,Sumedh,Walujkar,Qwerty#123,Qwerty#123,1234567898,1995-01-17,25,India,927 Benge Drive,Arlington,#texas,76013,2020-01-01,India,Regular,User,Please correct the following errors,,,,,,,,,,,State must contain only characters hyphens and spaces,,,
updateUser,SumedhWalujkar,Mr.,Sumedh,Walujkar,Qwerty#123,Qwerty#123,1234567899,1995-01-17,25,India,927 Benge Drive,Arlington,Texas,,2020-01-01,India,Regular,User,Please correct the following errors,,,,,,,,,,,,PIN Code cannot be blank,,
updateUser,SumedhWalujkar,Mr.,Sumedh,Walujkar,Qwerty#123,Qwerty#123,1234567899,1995-01-17,25,India,927 Benge Drive,Arlington,Texas,1,2020-01-01,India,Regular,User,Please correct the following errors,,,,,,,,,,,,PIN Code must be between 3 and 10 characters,,
updateUser,SumedhWalujkar,Mr.,Sumedh,Walujkar,Qwerty#123,Qwerty#123,1234567900,1995-01-17,25,India,927 Benge Drive,Arlington,Texas,76013,01-02-1995,India,Regular,User,Please correct the following errors,,,,,,,,,,,,,Invalid date format,
updateUser,SumedhWalujkar,Mr.,Sumedh,Walujkar,Qwerty#123,Qwerty#123,1234567900,1995-01-17,25,India,927 Benge Drive,Arlington,Texas,76013,1995-02-02,India,Regular,User,Please correct the following errors,,,,,,,,,,,,,Date is in the past,
updateUser,SumedhWalujkar,Mr.,Sumedh,Walujkar,Qwerty#123,Qwerty#123,1234567901,1995-01-17,25,India,927 Benge Drive,Arlington,Texas,76013,1/2/2003,India,Regular,User,Please correct the following errors,,,,,,,,,,,,,Invalid date format,
updateUser,SumedhWalujkar,Mr.,Sumedh,Walujkar,Qwerty#123,Qwerty#123,1234567901,1995-01-17,25,India,927 Benge Drive,Arlington,Texas,76013,2020-01-01,,Regular,User,Please correct the following errors,,,,,,,,,,,,,,Country cannot be blank
updateUser,SumedhWalujkar,Mr.,Sumedh,Walujkar,Qwerty#123,Qwerty#123,1234567902,1995-01-17,25,India,927 Benge Drive,Arlington,Texas,76013,2020-01-01,USA,Regular,User,Please correct the following errors,,,,,,,,,,,,,,Country must be between 4 and 45 characters
updateUser,SumedhWalujkar,Mr.,Sumedh,Walujkar,Qwerty#123,Qwerty#123,1234567902,1995-01-17,25,India,927 Benge Drive,Arlington,Texas,76013,2020-01-01,U.S.A.,Regular,User,Please correct the following errors,,,,,,,,,,,,,,Country must contain only characters hyphens and spaces
